<?xml version="1.0" encoding="utf-8"?>
<Window size="700,515" caption="0,0,0,0" sizebox="0,0,0,0">
	<Font id="0" name="黑体" size="16" bold="false" default="true"/>
	<Font id="1" name="黑体" size="18"/>
	<Default shared="true" name="VScrollBar" value="button1normalimage=&quot;file='img\scroll.png' source='0,0,16,16'&quot; button1hotimage=&quot;file='img\scroll.png' source='0,0,16,16' mask='#FFFF00FF'&quot; button1pushedimage=&quot;file='img\scroll.png' source='0,16,16,32' mask='#FFFF00FF'&quot; button1disabledimage=&quot;file='img\scroll.png' source='0,0,16,16' mask='#FFFF00FF'&quot; button2normalimage=&quot;file='img\scroll.png' source='0,32,16,48' mask='#FFFF00FF'&quot; button2hotimage=&quot;file='img\scroll.png' source='0,32,16,48' mask='#FFFF00FF'&quot; button2pushedimage=&quot;file='img\scroll.png' source='0,48,16,64' mask='#FFFF00FF'&quot; button2disabledimage=&quot;file='img\scroll.png' source='0,32,16,48' mask='#FFFF00FF'&quot; thumbnormalimage=&quot;file='img\scroll.png' source='0,64,16,80' corner='2,2,2,2' mask='#FFFF00FF'&quot; thumbhotimage=&quot;file='img\scroll.png' source='0,64,16,80' corner='2,2,2,2' mask='#FFFF00FF'&quot; thumbpushedimage=&quot;file='img\scroll.png' source='0,64,16,80' corner='2,2,2,2' mask='#FFFF00FF'&quot; thumbdisabledimage=&quot;file='img\scroll.png' source='0,64,16,80' corner='2,2,2,2' mask='#FFFF00FF'&quot; railnormalimage=&quot;file='img\scroll.png' source='0,80,16,96' corner='2,2,2,2' mask='#FFFF00FF'&quot; railhotimage=&quot;file='img\scroll.png' source='0,80,16,96' corner='2,2,2,2' mask='#FFFF00FF'&quot; railpushedimage=&quot;file='img\scroll.png' source='0,96,16,112' corner='2,2,2,2' mask='#FFFF00FF'&quot; raildisabledimage=&quot;file='img\scroll.png' source='0,80,16,96' corner='2,2,2,2' mask='#FFFF00FF'&quot; bknormalimage=&quot;file='img\scroll.png' source='0,128,16,146' corner='2,2,2,2' mask='#FFFF00FF'&quot; bkhotimage=&quot;file='img\scroll.png' source='0,128,16,146' corner='2,2,2,2' mask='#FFFF00FF'&quot; bkpushedimage=&quot;file='img\scroll.png' source='0,128,16,146' corner='2,2,2,2' mask='#FFFF00FF'&quot; bkdisabledimage=&quot;file='img\scroll.png' source='0,128,16,146' corner='2,2,2,2' mask='#FFFF00FF'&quot; " />
	<Default shared="true" name="Combo" value="scrollselect=&quot;false&quot; normalimage=&quot;file='img\Combo_nor.bmp' corner='2,2,24,2'&quot; hotimage=&quot;file='img\Combo_over.bmp' corner='2,2,24,2'&quot; pushedimage=&quot;file='img\Combo_over.bmp' corner='2,2,24,2'&quot; textpadding=&quot;3,1,1,1&quot; itemtextpadding=&quot;3,5,1,1&quot; bkcolor=&quot;#FFFFFFFF&quot; showcolortextchange=&quot;true&quot; bkcolortextchange=&quot;#FFD3CDCE&quot;" />
	<Default shared="true" name="Button" value="vcenter=&quot;true&quot; center=&quot;true&quot; bordercolor=&quot;#FF0078D7&quot; font=&quot;1&quot; textcolor=&quot;#FF386382&quot; bkcolor=&quot;#FFE1E1E1&quot; hotbkcolor=&quot;#FFE9F1FB&quot; pushedbkcolor=&quot;#FFCCE4F7&quot; disabledbkcolor=&quot;#FFCCCCCC&quot;" />

	<VerticalLayout name="background" bkcolor="#FFF0F0F0">	
		<HorizontalLayout padding="0,10,0,0" bkcolor="#FFFFFFFF" bordercolor="#FF9AB4C3" bordersize="2">
			<VerticalLayout inset="4,4,4,4" >
				<HorizontalLayout bordersize="1" bordercolor="#FF000000">
					<VerticalLayout inset="4,0,4,4" bordersize="1" bordercolor="#FF000000">
						<Button name="UpdateFWInfoButton"  height="30" padding="10,10,10,0" text="获取固件信息"/>
						<Label name="RunningMode" text="当前运行固件: Unknown" padding="10,0,0,0" height="30" vcenter="true" font="1"/>
						<Label name="DeviceId" text="设备ID: Unknown" padding="10,0,0,0" height="30" vcenter="true" font="1"/>
						<HorizontalLayout height="30">
							<Label text="选择下载分区：" height="30" padding="10,0,0,0" vcenter="true" font="1" visible="false"/>
							<Combo name="DownLoadAppCombo" width="110" height="30" padding="10,0,0,0" vcenter="true" textpadding="2,2,2,2" visible="false"/>
						</HorizontalLayout>
						
						<HorizontalLayout height="30" padding="0,10,0,0">
							<Button name="PathButton" width="200" height="30" padding="10,0,10,0" text="选择bin文件路径"/>					
							<Button name="DownloadButton" width="100" height="30" padding="10,0,10,0" text="烧录"/>
						</HorizontalLayout>

						<RichEdit name="DownloadFilePath" text="" height="90" menu="false" padding="10,5,0,0" bordersize="1,1,1,1"  bordercolor="#FF919191" vcenter="true"/>							

						<HorizontalLayout height="30" padding="0,10,0,0" visible="false">
							<Button name="CheckVersionButton" width="150" height="30" padding="10,0,10,0" text="检查版本"/>
							<Combo name="VersionCombo" width="150" height="30" padding="10,0,10,0" vcenter="true" textpadding="2,2,2,2"/>
						</HorizontalLayout>

						<HorizontalLayout height="30" padding="0,5,0,0" visible="false">
							<Button name="GetFWButton" width="150" height="30" padding="10,0,10,0" text="仅下载固件"/>
							<Button name="GetFWAndDownloadButton" width="150" height="30" padding="10,0,10,0" text="下载并烧录固件"/>
						</HorizontalLayout>
						
						<VerticalLayout visible="false">
							<Label name="GetVersionProgressText" text="下载进度：0%" height="30" padding="10,0,0,0" vcenter="true" font="1"/>
							<Progress name="GetVersionProgress" padding="10,5,5,0" bkimage="img\progress_back.png"  foreimage="img\progress_fore.png" min="0" max="100" value="0" maxheight="15" />
						</VerticalLayout>
					</VerticalLayout>
				
					<VerticalLayout inset="4,0,4,4" >
						<Button name="ClearEditButton" width="150" height="30" padding="5,10,0,0" text="清空提示信息"/>					
						<RichEdit name="DownloadInfoEdit" bkcolor="#FFFFFFFF" inset="2,2,2,0" readonly="false" padding="5,5,0,0" bordersize="1,1,1,1"  bordercolor="#FF919191" vscrollbar="true" autovscroll="true" />					
						<VerticalLayout name="DownloadingInfoLable" padding="0,5,0,0" visible="false">
							<Label name="FileSize" text="bin文件大小：--" height="30" padding="10,0,0,0" vcenter="true" font="1"/>
							<Label name="FileVerifyNum" text="校验和：--"height="30" padding="10,0,0,0" vcenter="true" font="1"/>
							<Label name="DownloadProgressText" text="烧录进度：0%" height="30" padding="10,0,0,0" vcenter="true" font="1"/>
							<Progress name="DownloadProgress" padding="10,0,0,0" bkimage="img\progress_back.png"  foreimage="img\progress_fore.png" min="0" max="100" value="0" maxheight="15" />
						</VerticalLayout>
					</VerticalLayout>
				</HorizontalLayout>
		
			</VerticalLayout>
		</HorizontalLayout>
		
	</VerticalLayout>
</Window>
